breed,gamma_log_likelihood,gamma_shape,gamma_scale_dadi,gamma_scale,neugamma_log_likelihood,neugamma_p,neugamma_shape,neugamma_scale_dadi,neugamma_scale
AW,-44.59091526,9.86E-02,7.15E+05,4.61771114,-42.33993892,1.61E-01,1.52E-01,5.69E+05,3.67187746
LB,-44.56068717,1.00E-01,7.71E+05,4.98784097,-40.98001331,1.53E-01,1.49E-01,7.40E+05,4.78876909
PG,-50.50692906,9.25E-02,2.42E+06,4.78500407,-43.60759688,1.63E-01,1.37E-01,2.21E+06,4.36077062
