Projected / Full N,LL,Theta,N_out,N_out,T_out,T_out,u,Lsyn,Na,Nbn,Npresent,T (g),T (g)
PG3,-60.842333208066100,11532.864450115900,0.01711278,0.07460483,0.02404225,0.00868473,6.7250E-09,"5,270,603","81,344","1,392","6,069","162,688","1,413"
,-97.546852215,28883.0598549,0.01871913,0.04006941,0.00055572,0.08562414,6.7250E-09,"5,270,603","203,719","3,813","8,163","407,437","34,886"
